{
  "model_name": "RandomForest",
  "trained_on": "2002\u20132020",
  "test_years": [
    2021,
    2022,
    2023,
    2024,
    2025
  ],
  "n_features": 35,
  "metrics": {
    "MAE": 1.774798214285714,
    "RMSE": 2.177642869407142,
    "MAPE": 1570.5418471252694,
    "R2": 0.07266124801322371
  },
  "model_md5": "e2544030e991ceff7c7297c0a50a0455"
}